Material,Bond_Length_Angstrom
Li6PS5Br,2.5017106648262786
Li6PS5Cl,2.5003869439008883
Li6PSe5Br,2.502081075346835
Li6PSe5Cl,2.499943078120878
Li7PS3Br,2.502707065545536
Li7PS3Cl,2.5029413418097226
Li7PS3I,2.500842545988277
Li7PSe3Br,2.5024049958443952
Li7PSe3Cl,2.4982178986872903
Li7PSe3I,2.5012033572520695
